Test Number,marker,,Test Number,marker
1,1,,11,
2,1,,12,
3,1,,13,
4,1,,14,
5,1,,15,
6,1,,16,
7,1,,17,
8,1,,18,
9,1,,19,
10,1,,20,
,1,,,
,1,,,
,1,,,
,1,,,
,1,,,
,1,,,
,1,,,
,1,,,
,1,,,
,1,,,
,1,,,
,1,,,
,1,,,
,1,,,
,1,,,
,1,,,
,1,,,
,1,,,
,1,,,
,1,,,
,1,,,
,1,,,
,1,,,
,1,,,
,1,,,
,1,,,
,1,,,
,1,,,
,1,,,
,1,,,
,1,,,
,1,,,
,1,,,
,1,,,
,1,,,
,1,,,
,1,,,
,1,,,
,1,,,
,1,,,
,0,,,
,0,,,
,0,,,
,0,,,
,0,,,
,0,,,
,0,,,
,0,,,
,0,,,
,0,,,
,0,,,
,0,,,
,0,,,
,0,,,
,0,,,
,0,,,
,0,,,
,0,,,
,1,,,
,1,,,
,1,,,
,1,,,
,1,,,
,1,,,
,1,,,
,0,,,
,0,,,
,0,,,
,0,,,
,0,,,
,0,,,
,0,,,
,0,,,
,0,,,
,0,,,
,0,,,
,0,,,
,0,,,
,0,,,
,0,,,
,0,,,
,0,,,
,0,,,
,0,,,
,0,,,
,0,,,
,0,,,
,0,,,
,0,,,
,0,,,
